{
  "project_info": {
    "project_number": "353144782044",
    "firebase_url": "https://daegudot.firebaseio.com",
    "project_id": "daegudot",
    "storage_bucket": "daegudot.appspot.com"
  },
  "client": [
    {
      "client_info": {
        "mobilesdk_app_id": "1:353144782044:android:37363f432d17faa2c5c819",
        "android_client_info": {
          "package_name": "com.kop.daegudot"
        }
      },
      "oauth_client": [
        {
          "client_id": "353144782044-kohcnpa64qhaiqk4veeka5ettm8ue45b.apps.googleusercontent.com",
          "client_type": 1,
          "android_info": {
            "package_name": "com.kop.daegudot",
            "certificate_hash": "0bca4cb49302b08120f68259714dc17841e75de4"
          }
        },
        {
          "client_id": "353144782044-i5cq2eki3u21edqott1i8hebduhbe35j.apps.googleusercontent.com",
          "client_type": 3
        }
      ],
      "api_key": [
        {
          "current_key": "AIzaSyCNYrcpanc95jnvpImOEDSupogMwvYw2D8"
        }
      ],
      "services": {
        "appinvite_service": {
          "other_platform_oauth_client": [
            {
              "client_id": "353144782044-kdic1brfv7oiu8bpjdf3an8ebcvjnoob.apps.googleusercontent.com",
              "client_type": 3
            }
          ]
        }
      }
    }
  ],
  "configuration_version": "1"
}